{"cameraMode":{"drawMode":0,"name":"Shaded","section":"Shading Mode"},"sceneLighting":false,"audioPlay":false,"sceneViewState":{"m_AlwaysRefresh":false,"showFog":true,"showSkybox":false,"showFlares":true,"showImageEffects":true,"showParticleSystems":true,"showVisualEffectGraphs":true,"m_FxEnabled":true},"in2DMode":false,"pivot":{"x":10.545315742492676,"y":-2.311000108718872,"z":-3.196223735809326},"rotation":{"x":0.1300676167011261,"y":0.15166856348514558,"z":-0.020146848633885385,"w":0.9796414971351624},"size":0.5345873832702637,"orthographic":false}