{"cameraMode":{"drawMode":0,"name":"Shaded","section":"Shading Mode"},"sceneLighting":true,"audioPlay":false,"sceneViewState":{"m_AlwaysRefresh":false,"showFog":true,"showSkybox":true,"showFlares":true,"showImageEffects":true,"showParticleSystems":true,"showVisualEffectGraphs":true,"m_FxEnabled":true},"in2DMode":false,"pivot":{"x":-0.03999999165534973,"y":-1.5329999923706055,"z":-4.376999855041504},"rotation":{"x":0.23119419813156129,"y":0.4122410714626312,"z":-0.10872402042150498,"w":0.8746832013130188},"size":0.5537840723991394,"orthographic":false}