{"cameraMode":{"drawMode":0,"name":"Shaded","section":"Shading Mode"},"sceneLighting":true,"audioPlay":false,"sceneViewState":{"m_AlwaysRefresh":false,"showFog":true,"showSkybox":true,"showFlares":true,"showImageEffects":true,"showParticleSystems":true,"showVisualEffectGraphs":true,"m_FxEnabled":true},"in2DMode":false,"pivot":{"x":11.651397705078125,"y":-2.5316524505615236,"z":-17.226125717163087},"rotation":{"x":0.0027070846408605577,"y":0.9826407432556152,"z":-0.014581111259758473,"w":0.18507830798625947},"size":6.062177658081055,"orthographic":false}