{"cameraMode":{"drawMode":0,"name":"Shaded","section":"Shading Mode"},"sceneLighting":false,"audioPlay":false,"sceneViewState":{"m_AlwaysRefresh":false,"showFog":true,"showSkybox":false,"showFlares":true,"showImageEffects":true,"showParticleSystems":true,"showVisualEffectGraphs":true,"m_FxEnabled":true},"in2DMode":false,"pivot":{"x":-0.027783870697021486,"y":0.7797234058380127,"z":-1.4281688928604127},"rotation":{"x":-0.18215949833393098,"y":-0.5905632376670837,"z":0.13921880722045899,"w":-0.7738324999809265},"size":2.4242746829986574,"orthographic":false}