{"cameraMode":{"drawMode":0,"name":"Shaded","section":"Shading Mode"},"sceneLighting":true,"audioPlay":false,"sceneViewState":{"m_AlwaysRefresh":false,"showFog":true,"showSkybox":true,"showFlares":true,"showImageEffects":true,"showParticleSystems":true,"showVisualEffectGraphs":true,"m_FxEnabled":true},"in2DMode":false,"pivot":{"x":1.8201568126678467,"y":-3.6297569274902345,"z":-5.2217278480529789},"rotation":{"x":0.002532285638153553,"y":0.8465797305107117,"z":-0.5323053598403931,"w":0.004076899960637093},"size":7.567594528198242,"orthographic":false}