{"cameraMode":{"drawMode":0,"name":"Shaded","section":"Shading Mode"},"sceneLighting":false,"audioPlay":false,"sceneViewState":{"m_AlwaysRefresh":false,"showFog":true,"showSkybox":false,"showFlares":true,"showImageEffects":true,"showParticleSystems":true,"showVisualEffectGraphs":true,"m_FxEnabled":true},"in2DMode":false,"pivot":{"x":0.10020904988050461,"y":2.2602014541625978,"z":2.7593915462493898},"rotation":{"x":0.006728624925017357,"y":-0.981879472732544,"z":0.18659886717796327,"w":0.03446098044514656},"size":0.35125333070755007,"orthographic":false}